{
  "accuracy_mean": 0.9583333333333334,
  "precision_mean": 0.9595130966960778,
  "recall_mean": 0.9583333333333334,
  "f1_mean": 0.9574563304497279,
  "auc_roc_mean": 0.9978888888888889,
  "infer_ms_mean": 102.3276722431183,
  "accuracy_std": 0.009128709291752777,
  "precision_std": 0.007684386458402,
  "recall_std": 0.009128709291752777,
  "f1_std": 0.010015821673000296,
  "auc_roc_std": 0.0007644358311314531,
  "infer_ms_std": 40.88248726247568,
  "fold_metrics": [
    {
      "accuracy": 0.9583333333333334,
      "precision": 0.9584826762246117,
      "recall": 0.9583333333333334,
      "f1": 0.9575783721599078,
      "auc_roc": 0.9975,
      "infer_ms": 149.02836481730145,
      "y_true": [
        3,
        1,
        2,
        3,
        2,
        3,
        3,
        0,
        3,
        1,
        3,
        1,
        1,
        2,
        1,
        0,
        1,
        1,
        0,
        0,
        3,
        3,
        0,
        1,
        3,
        2,
        0,
        3,
        3,
        3,
        3,
        2,
        1,
        0,
        3,
        0,
        0,
        0,
        3,
        1,
        1,
        2,
        0,
        3,
        2,
        1,
        3,
        3,
        0,
        2,
        2,
        0,
        1,
        0,
        2,
        0,
        0,
        2,
        1,
        1,
        2,
        2,
        1,
        1,
        3,
        2,
        1,
        2,
        0,
        3,
        1,
        1,
        2,
        0,
        2,
        3,
        1,
        0,
        3,
        0,
        2,
        1,
        2,
        3,
        3,
        1,
        0,
        1,
        3,
        2,
        3,
        2,
        2,
        1,
        0,
        2,
        2,
        0,
        1,
        0,
        0,
        0,
        3,
        2,
        0,
        1,
        2,
        0,
        0,
        2,
        3,
        2,
        2,
        0,
        1,
        2,
        1,
        3,
        1,
        3
      ],
      "y_pred": [
        3,
        1,
        2,
        3,
        2,
        3,
        3,
        0,
        3,
        1,
        3,
        1,
        1,
        2,
        1,
        0,
        1,
        1,
        0,
        0,
        3,
        0,
        3,
        1,
        3,
        2,
        3,
        3,
        3,
        3,
        3,
        2,
        1,
        0,
        3,
        0,
        0,
        1,
        3,
        1,
        1,
        2,
        0,
        3,
        2,
        1,
        3,
        3,
        0,
        2,
        2,
        0,
        1,
        0,
        2,
        0,
        0,
        2,
        1,
        1,
        2,
        2,
        1,
        1,
        3,
        2,
        1,
        2,
        2,
        3,
        1,
        1,
        2,
        0,
        2,
        3,
        1,
        0,
        3,
        0,
        2,
        1,
        2,
        3,
        3,
        1,
        0,
        1,
        3,
        2,
        3,
        2,
        2,
        1,
        0,
        2,
        2,
        0,
        1,
        0,
        0,
        0,
        3,
        2,
        0,
        1,
        2,
        0,
        0,
        2,
        3,
        2,
        2,
        0,
        1,
        2,
        1,
        3,
        1,
        3
      ]
    },
    {
      "accuracy": 0.9666666666666667,
      "precision": 0.9671130952380953,
      "recall": 0.9666666666666667,
      "f1": 0.9663607712272896,
      "auc_roc": 0.9974074074074075,
      "infer_ms": 144.892946879069,
      "y_true": [
        2,
        0,
        3,
        1,
        2,
        2,
        1,
        2,
        3,
        0,
        3,
        3,
        0,
        2,
        2,
        1,
        0,
        1,
        3,
        3,
        1,
        1,
        3,
        2,
        0,
        3,
        0,
        3,
        0,
        1,
        1,
        1,
        0,
        0,
        1,
        1,
        1,
        0,
        0,
        0,
        2,
        3,
        3,
        1,
        1,
        1,
        0,
        3,
        3,
        3,
        2,
        0,
        2,
        2,
        3,
        0,
        0,
        2,
        2,
        3,
        1,
        2,
        3,
        1,
        2,
        1,
        3,
        0,
        3,
        0,
        1,
        1,
        2,
        1,
        2,
        2,
        1,
        1,
        2,
        1,
        0,
        1,
        2,
        1,
        3,
        0,
        2,
        1,
        0,
        2,
        3,
        3,
        3,
        0,
        0,
        2,
        2,
        2,
        0,
        0,
        3,
        2,
        0,
        3,
        3,
        3,
        3,
        3,
        0,
        1,
        3,
        2,
        0,
        1,
        0,
        2,
        2,
        0,
        1,
        2
      ],
      "y_pred": [
        2,
        0,
        3,
        1,
        2,
        2,
        1,
        2,
        3,
        0,
        3,
        3,
        0,
        2,
        2,
        1,
        0,
        1,
        3,
        3,
        1,
        1,
        3,
        2,
        0,
        3,
        0,
        3,
        0,
        1,
        1,
        1,
        0,
        0,
        1,
        1,
        1,
        0,
        0,
        0,
        2,
        3,
        3,
        1,
        1,
        1,
        3,
        3,
        3,
        3,
        2,
        0,
        2,
        2,
        3,
        0,
        0,
        2,
        2,
        3,
        1,
        2,
        3,
        1,
        2,
        1,
        3,
        0,
        3,
        0,
        1,
        1,
        2,
        1,
        2,
        2,
        1,
        1,
        2,
        1,
        2,
        1,
        2,
        1,
        3,
        2,
        2,
        1,
        0,
        2,
        3,
        3,
        3,
        0,
        0,
        2,
        2,
        2,
        0,
        0,
        3,
        2,
        0,
        3,
        3,
        3,
        3,
        0,
        0,
        1,
        3,
        2,
        0,
        1,
        0,
        2,
        2,
        0,
        1,
        2
      ]
    },
    {
      "accuracy": 0.9416666666666667,
      "precision": 0.9460227272727273,
      "recall": 0.9416666666666667,
      "f1": 0.9389473379126454,
      "auc_roc": 0.9987962962962963,
      "infer_ms": 106.2163511912028,
      "y_true": [
        3,
        1,
        2,
        3,
        3,
        3,
        3,
        3,
        2,
        2,
        2,
        3,
        2,
        0,
        2,
        2,
        2,
        0,
        1,
        0,
        0,
        0,
        2,
        0,
        2,
        2,
        1,
        3,
        2,
        1,
        1,
        2,
        0,
        3,
        3,
        2,
        2,
        3,
        3,
        1,
        1,
        3,
        2,
        1,
        2,
        2,
        2,
        3,
        2,
        0,
        0,
        3,
        2,
        1,
        1,
        1,
        0,
        1,
        0,
        1,
        1,
        3,
        3,
        1,
        0,
        0,
        2,
        1,
        0,
        0,
        0,
        3,
        3,
        1,
        3,
        1,
        0,
        0,
        2,
        3,
        1,
        3,
        0,
        0,
        0,
        2,
        2,
        1,
        2,
        2,
        1,
        3,
        0,
        3,
        0,
        0,
        1,
        0,
        3,
        1,
        3,
        0,
        1,
        0,
        3,
        2,
        2,
        2,
        1,
        1,
        1,
        0,
        3,
        3,
        1,
        0,
        1,
        1,
        0,
        3
      ],