{
  "accuracy_mean": 1.0,
  "precision_mean": 1.0,
  "recall_mean": 1.0,
  "f1_mean": 1.0,
  "auc_roc_mean": 0.9999814814814816,
  "infer_ms_mean": 141.93882067998248,
  "accuracy_std": 0.0,
  "precision_std": 0.0,
  "recall_std": 0.0,
  "f1_std": 0.0,
  "auc_roc_std": 3.7037037037013225e-05,
  "infer_ms_std": 72.86896075747431,
  "fold_metrics": [
    {
      "accuracy": 1.0,
      "precision": 1.0,
      "recall": 1.0,
      "f1": 1.0,
      "auc_roc": 1.0,
      "infer_ms": 86.50358319282532,
      "y_true": [
        3,
        1,
        2,
        3,
        2,
        3,
        3,
        0,
        3,
        1,
        3,
        1,
        1,
        2,
        1,
        0,
        1,
        1,
        0,
        0,
        3,
        3,
        0,
        1,
        3,
        2,
        0,
        3,
        3,
        3,
        3,
        2,
        1,
        0,
        3,
        0,
        0,
        0,
        3,
        1,
        1,
        2,
        0,
        3,
        2,
        1,
        3,
        3,
        0,
        2,
        2,
        0,
        1,
        0,
        2,
        0,
        0,
        2,
        1,
        1,
        2,
        2,
        1,
        1,
        3,
        2,
        1,
        2,
        0,
        3,
        1,
        1,
        2,
        0,
        2,
        3,
        1,
        0,
        3,
        0,
        2,
        1,
        2,
        3,
        3,
        1,
        0,
        1,
        3,
        2,
        3,
        2,
        2,
        1,
        0,
        2,
        2,
        0,
        1,
        0,
        0,
        0,
        3,
        2,
        0,
        1,
        2,
        0,
        0,
        2,
        3,
        2,
        2,
        0,
        1,
        2,
        1,
        3,
        1,
        3
      ],
      "y_pred": [
        3,
        1,
        2,
        3,
        2,
        3,
        3,
        0,
        3,
        1,
        3,
        1,
        1,
        2,
        1,
        0,
        1,
        1,
        0,
        0,
        3,
        3,
        0,
        1,
        3,
        2,
        0,
        3,
        3,
        3,
        3,
        2,
        1,
        0,
        3,
        0,
        0,
        0,
        3,
        1,
        1,
        2,
        0,
        3,
        2,
        1,
        3,
        3,
        0,
        2,
        2,
        0,
        1,
        0,
        2,
        0,
        0,
        2,
        1,
        1,
        2,
        2,
        1,
        1,
        3,
        2,
        1,
        2,
        0,
        3,
        1,
        1,
        2,
        0,
        2,
        3,
        1,
        0,
        3,
        0,
        2,
        1,
        2,
        3,
        3,
        1,
        0,
        1,
        3,
        2,
        3,
        2,
        2,
        1,
        0,
        2,
        2,
        0,
        1,
        0,
        0,
        0,
        3,
        2,
        0,
        1,
        2,
        0,
        0,
        2,
        3,
        2,
        2,
        0,
        1,
        2,
        1,
        3,
        1,
        3
      ]
    },
    {
      "accuracy": 1.0,
      "precision": 1.0,
      "recall": 1.0,
      "f1": 1.0,
      "auc_roc": 0.9999074074074075,
      "infer_ms": 98.54063193003336,
      "y_true": [
        2,
        0,
        3,
        1,
        2,
        2,
        1,
        2,
        3,
        0,
        3,
        3,
        0,
        2,
        2,
        1,
        0,
        1,
        3,
        3,
        1,
        1,
        3,
        2,
        0,
        3,
        0,
        3,
        0,
        1,
        1,
        1,
        0,
        0,
        1,
        1,
        1,
        0,
        0,
        0,
        2,
        3,
        3,
        1,
        1,
        1,
        0,
        3,
        3,
        3,
        2,
        0,
        2,
        2,
        3,
        0,
        0,
        2,
        2,
        3,
        1,
        2,
        3,
        1,
        2,
        1,
        3,
        0,
        3,
        0,
        1,
        1,
        2,
        1,
        2,
        2,
        1,
        1,
        2,
        1,
        0,
        1,
        2,
        1,
        3,
        0,
        2,
        1,
        0,
        2,
        3,
        3,
        3,
        0,
        0,
        2,
        2,
        2,
        0,
        0,
        3,
        2,
        0,
        3,
        3,
        3,
        3,
        3,
        0,
        1,
        3,
        2,
        0,
        1,
        0,
        2,
        2,
        0,
        1,
        2
      ],
      "y_pred": [
        2,
        0,
        3,
        1,
        2,
        2,
        1,
        2,
        3,
        0,
        3,
        3,
        0,
        2,
        2,
        1,
        0,
        1,
        3,
        3,
        1,
        1,
        3,
        2,
        0,
        3,
        0,
        3,
        0,
        1,
        1,
        1,
        0,
        0,
        1,
        1,
        1,
        0,
        0,
        0,
        2,
        3,
        3,
        1,
        1,
        1,
        0,
        3,
        3,
        3,
        2,
        0,
        2,
        2,
        3,
        0,
        0,
        2,
        2,
        3,
        1,
        2,
        3,
        1,
        2,
        1,
        3,
        0,
        3,
        0,
        1,
        1,
        2,
        1,
        2,
        2,
        1,
        1,
        2,
        1,
        0,
        1,
        2,
        1,
        3,
        0,
        2,
        1,
        0,
        2,
        3,
        3,
        3,
        0,
        0,
        2,
        2,
        2,
        0,
        0,
        3,
        2,
        0,
        3,
        3,
        3,
        3,
        3,
        0,
        1,
        3,
        2,
        0,
        1,
        0,
        2,
        2,
        0,
        1,
        2
      ]
    },
    {
      "accuracy": 1.0,
      "precision": 1.0,
      "recall": 1.0,
      "f1": 1.0,
      "auc_roc": 1.0,
      "infer_ms": 166.88125133514404,
      "y_true": [
        3,
        1,
        2,
        3,
        3,
        3,
        3,
        3,
        2,
        2,
        2,
        3,
        2,
        0,
        2,
        2,
        2,
        0,
        1,
        0,
        0,
        0,
        2,
        0,
        2,
        2,
        1,
        3,
        2,
        1,
        1,
        2,
        0,
        3,
        3,
        2,
        2,
        3,
        3,
        1,
        1,
        3,
        2,
        1,
        2,
        2,
        2,
        3,
        2,
        0,
        0,
        3,
        2,
        1,
        1,
        1,
        0,
        1,
        0,
        1,
        1,
        3,
        3,
        1,
        0,
        0,
        2,
        1,
        0,
        0,
        0,
        3,
        3,
        1,
        3,
        1,
        0,
        0,
        2,
        3,
        1,
        3,
        0,
        0,
        0,
        2,
        2,
        1,
        2,
        2,
        1,
        3,
        0,
        3,
        0,
        0,
        1,
        0,
        3,
        1,
        3,
        0,
        1,
        0,
        3,
        2,
        2,
        2,
        1,
        1,
        1,
        0,
        3,
        3,
        1,
        0,
        1,
        1,
        0,
        3
      ],