{
  "accuracy_mean": 0.9533333333333334,
  "precision_mean": 0.9538019221694138,
  "recall_mean": 0.9533333333333334,
  "f1_mean": 0.9527993076514665,
  "auc_roc_mean": 0.9940000000000001,
  "infer_ms_mean": 76.93887114524841,
  "accuracy_std": 0.018708286933869694,
  "precision_std": 0.01914873992819417,
  "recall_std": 0.018708286933869743,
  "f1_std": 0.019051415135726373,
  "auc_roc_std": 0.003839813810072286,
  "infer_ms_std": 31.91252013287832,
  "fold_metrics": [
    {
      "accuracy": 0.9833333333333333,
      "precision": 0.9838709677419355,
      "recall": 0.9833333333333334,
      "f1": 0.9831825890333523,
      "auc_roc": 0.9975,
      "infer_ms": 36.873344580332436,
      "y_true": [
        3,
        1,
        2,
        3,
        2,
        3,
        3,
        0,
        3,
        1,
        3,
        1,
        1,
        2,
        1,
        0,
        1,
        1,
        0,
        0,
        3,
        3,
        0,
        1,
        3,
        2,
        0,
        3,
        3,
        3,
        3,
        2,
        1,
        0,
        3,
        0,
        0,
        0,
        3,
        1,
        1,
        2,
        0,
        3,
        2,
        1,
        3,
        3,
        0,
        2,
        2,
        0,
        1,
        0,
        2,
        0,
        0,
        2,
        1,
        1,
        2,
        2,
        1,
        1,
        3,
        2,
        1,
        2,
        0,
        3,
        1,
        1,
        2,
        0,
        2,
        3,
        1,
        0,
        3,
        0,
        2,
        1,
        2,
        3,
        3,
        1,
        0,
        1,
        3,
        2,
        3,
        2,
        2,
        1,
        0,
        2,
        2,
        0,
        1,
        0,
        0,
        0,
        3,
        2,
        0,
        1,
        2,
        0,
        0,
        2,
        3,
        2,
        2,
        0,
        1,
        2,
        1,
        3,
        1,
        3
      ],
      "y_pred": [
        3,
        1,
        2,
        3,
        2,
        3,
        3,
        0,
        3,
        1,
        3,
        1,
        1,
        2,
        1,
        0,
        1,
        1,
        0,
        0,
        3,
        3,
        0,
        1,
        3,
        2,
        0,
        3,
        3,
        3,
        3,
        2,
        1,
        3,
        3,
        0,
        0,
        0,
        3,
        1,
        1,
        2,
        0,
        3,
        2,
        1,
        3,
        3,
        0,
        2,
        2,
        0,
        1,
        0,
        2,
        0,
        0,
        2,
        1,
        1,
        2,
        2,
        1,
        1,
        3,
        2,
        1,
        2,
        2,
        3,
        1,
        1,
        2,
        0,
        2,
        3,
        1,
        0,
        3,
        0,
        2,
        1,
        2,
        3,
        3,
        1,
        0,
        1,
        3,
        2,
        3,
        2,
        2,
        1,
        0,
        2,
        2,
        0,
        1,
        0,
        0,
        0,
        3,
        2,
        0,
        1,
        2,
        0,
        0,
        2,
        3,
        2,
        2,
        0,
        1,
        2,
        1,
        3,
        1,
        3
      ]
    },
    {
      "accuracy": 0.9666666666666667,
      "precision": 0.9682459677419355,
      "recall": 0.9666666666666668,
      "f1": 0.966782424112989,
      "auc_roc": 0.9974074074074074,
      "infer_ms": 133.61330231030783,
      "y_true": [
        2,
        0,
        3,
        1,
        2,
        2,
        1,
        2,
        3,
        0,
        3,
        3,
        0,
        2,
        2,
        1,
        0,
        1,
        3,
        3,
        1,
        1,
        3,
        2,
        0,
        3,
        0,
        3,
        0,
        1,
        1,
        1,
        0,
        0,
        1,
        1,
        1,
        0,
        0,
        0,
        2,
        3,
        3,
        1,
        1,
        1,
        0,
        3,
        3,
        3,
        2,
        0,
        2,
        2,
        3,
        0,
        0,
        2,
        2,
        3,
        1,
        2,
        3,
        1,
        2,
        1,
        3,
        0,
        3,
        0,
        1,
        1,
        2,
        1,
        2,
        2,
        1,
        1,
        2,
        1,
        0,
        1,
        2,
        1,
        3,
        0,
        2,
        1,
        0,
        2,
        3,
        3,
        3,
        0,
        0,
        2,
        2,
        2,
        0,
        0,
        3,
        2,
        0,
        3,
        3,
        3,
        3,
        3,
        0,
        1,
        3,
        2,
        0,
        1,
        0,
        2,
        2,
        0,
        1,
        2
      ],
      "y_pred": [
        2,
        0,
        3,
        1,
        2,
        2,
        1,
        2,
        0,
        0,
        3,
        3,
        0,
        2,
        2,
        1,
        0,
        1,
        3,
        3,
        1,
        1,
        3,
        2,
        0,
        3,
        0,
        3,
        0,
        1,
        2,
        1,
        0,
        0,
        1,
        1,
        1,
        0,
        0,
        0,
        2,
        3,
        0,
        1,
        1,
        1,
        0,
        3,
        3,
        3,
        2,
        0,
        2,
        2,
        3,
        0,
        0,
        2,
        2,
        3,
        1,
        2,
        3,
        1,
        2,
        1,
        3,
        0,
        3,
        0,
        1,
        1,
        2,
        1,
        2,
        2,
        1,
        1,
        2,
        1,
        0,
        1,
        2,
        1,
        3,
        2,
        2,
        1,
        0,
        2,
        3,
        3,
        3,
        0,
        0,
        2,
        2,
        2,
        0,
        0,
        3,
        2,
        0,
        3,
        3,
        3,
        3,
        3,
        0,
        1,
        3,
        2,
        0,
        1,
        0,
        2,
        2,
        0,
        1,
        2
      ]
    },
    {
      "accuracy": 0.9416666666666667,
      "precision": 0.9430791788856305,
      "recall": 0.9416666666666667,
      "f1": 0.9398836136541053,
      "auc_roc": 0.9869444444444445,
      "infer_ms": 82.12430477142334,
      "y_true": [
        3,
        1,
        2,
        3,
        3,
        3,
        3,
        3,
        2,
        2,
        2,
        3,
        2,
        0,
        2,
        2,
        2,
        0,
        1,
        0,
        0,
        0,
        2,
        0,
        2,
        2,
        1,
        3,
        2,
        1,
        1,
        2,
        0,
        3,
        3,
        2,
        2,
        3,
        3,
        1,
        1,
        3,
        2,
        1,
        2,
        2,
        2,
        3,
        2,
        0,
        0,
        3,
        2,
        1,
        1,
        1,
        0,
        1,
        0,
        1,
        1,
        3,
        3,
        1,
        0,
        0,
        2,
        1,
        0,
        0,
        0,
        3,
        3,
        1,
        3,
        1,
        0,
        0,
        2,
        3,
        1,
        3,
        0,
        0,
        0,
        2,
        2,
        1,
        2,
        2,
        1,
        3,
        0,
        3,
        0,
        0,
        1,
        0,
        3,
        1,
        3,
        0,
        1,
        0,
        3,
        2,
        2,
        2,
        1,
        1,
        1,
        0,
        3,
        3,
        1,
        0,
        1,
        1,
        0,
        3
      ],