{
  "accuracy_mean": 0.9433333333333334,
  "precision_mean": 0.9437754043427014,
  "recall_mean": 0.9433333333333334,
  "f1_mean": 0.9427964283545818,
  "auc_roc_mean": 0.9937222222222223,
  "infer_ms_mean": 131.56656543413797,
  "accuracy_std": 0.03091206165165232,
  "precision_std": 0.03092432577689088,
  "recall_std": 0.03091206165165234,
  "f1_std": 0.031007109664610462,
  "auc_roc_std": 0.005071978480479478,
  "infer_ms_std": 17.536282399504994,
  "fold_metrics": [
    {
      "accuracy": 0.975,
      "precision": 0.9763104838709677,
      "recall": 0.975,
      "f1": 0.9746792284783878,
      "auc_roc": 0.9999074074074075,
      "infer_ms": 127.76278853416443,
      "y_true": [
        3,
        1,
        2,
        3,
        2,
        3,
        3,
        0,
        3,
        1,
        3,
        1,
        1,
        2,
        1,
        0,
        1,
        1,
        0,
        0,
        3,
        3,
        0,
        1,
        3,
        2,
        0,
        3,
        3,
        3,
        3,
        2,
        1,
        0,
        3,
        0,
        0,
        0,
        3,
        1,
        1,
        2,
        0,
        3,
        2,
        1,
        3,
        3,
        0,
        2,
        2,
        0,
        1,
        0,
        2,
        0,
        0,
        2,
        1,
        1,
        2,
        2,
        1,
        1,
        3,
        2,
        1,
        2,
        0,
        3,
        1,
        1,
        2,
        0,
        2,
        3,
        1,
        0,
        3,
        0,
        2,
        1,
        2,
        3,
        3,
        1,
        0,
        1,
        3,
        2,
        3,
        2,
        2,
        1,
        0,
        2,
        2,
        0,
        1,
        0,
        0,
        0,
        3,
        2,
        0,
        1,
        2,
        0,
        0,
        2,
        3,
        2,
        2,
        0,
        1,
        2,
        1,
        3,
        1,
        3
      ],
      "y_pred": [
        3,
        1,
        2,
        3,
        2,
        3,
        3,
        0,
        3,
        1,
        3,
        1,
        1,
        2,
        1,
        0,
        1,
        1,
        0,
        0,
        3,
        3,
        0,
        1,
        3,
        2,
        0,
        3,
        3,
        3,
        3,
        2,
        1,
        0,
        3,
        0,
        0,
        0,
        3,
        1,
        1,
        2,
        0,
        3,
        2,
        1,
        3,
        3,
        0,
        2,
        2,
        0,
        1,
        0,
        2,
        0,
        0,
        2,
        1,
        1,
        2,
        2,
        1,
        1,
        3,
        2,
        1,
        2,
        2,
        3,
        1,
        1,
        2,
        3,
        2,
        3,
        1,
        0,
        3,
        0,
        2,
        1,
        2,
        3,
        3,
        1,
        0,
        1,
        3,
        2,
        3,
        2,
        2,
        1,
        3,
        2,
        2,
        0,
        1,
        0,
        0,
        0,
        3,
        2,
        0,
        1,
        2,
        0,
        0,
        2,
        3,
        2,
        2,
        0,
        1,
        2,
        1,
        3,
        1,
        3
      ]
    },
    {
      "accuracy": 0.975,
      "precision": 0.9757543103448276,
      "recall": 0.9750000000000001,
      "f1": 0.9749863313285949,
      "auc_roc": 0.9980555555555555,
      "infer_ms": 166.0447657108307,
      "y_true": [
        2,
        0,
        3,
        1,
        2,
        2,
        1,
        2,
        3,
        0,
        3,
        3,
        0,
        2,
        2,
        1,
        0,
        1,
        3,
        3,
        1,
        1,
        3,
        2,
        0,
        3,
        0,
        3,
        0,
        1,
        1,
        1,
        0,
        0,
        1,
        1,
        1,
        0,
        0,
        0,
        2,
        3,
        3,
        1,
        1,
        1,
        0,
        3,
        3,
        3,
        2,
        0,
        2,
        2,
        3,
        0,
        0,
        2,
        2,
        3,
        1,
        2,
        3,
        1,
        2,
        1,
        3,
        0,
        3,
        0,
        1,
        1,
        2,
        1,
        2,
        2,
        1,
        1,
        2,
        1,
        0,
        1,
        2,
        1,
        3,
        0,
        2,
        1,
        0,
        2,
        3,
        3,
        3,
        0,
        0,
        2,
        2,
        2,
        0,
        0,
        3,
        2,
        0,
        3,
        3,
        3,
        3,
        3,
        0,
        1,
        3,
        2,
        0,
        1,
        0,
        2,
        2,
        0,
        1,
        2
      ],
      "y_pred": [
        2,
        0,
        3,
        1,
        2,
        2,
        1,
        2,
        3,
        0,
        3,
        0,
        0,
        2,
        2,
        1,
        0,
        1,
        3,
        3,
        1,
        1,
        3,
        2,
        0,
        3,
        0,
        3,
        0,
        1,
        1,
        1,
        0,
        0,
        1,
        1,
        1,
        0,
        0,
        0,
        2,
        3,
        3,
        1,
        1,
        1,
        0,
        3,
        3,
        3,
        2,
        0,
        2,
        2,
        3,
        0,
        0,
        2,
        2,
        3,
        1,
        2,
        3,
        1,
        2,
        1,
        3,
        0,
        3,
        0,
        1,
        1,
        2,
        1,
        2,
        2,
        1,
        1,
        2,
        1,
        2,
        1,
        2,
        1,
        3,
        2,
        2,
        1,
        0,
        2,
        3,
        3,
        3,
        0,
        0,
        2,
        2,
        2,
        0,
        0,
        3,
        2,
        0,
        3,
        3,
        3,
        3,
        3,
        0,
        1,
        3,
        2,
        0,
        1,
        0,
        2,
        2,
        0,
        1,
        2
      ]
    },
    {
      "accuracy": 0.9416666666666667,
      "precision": 0.9411252986857825,
      "recall": 0.9416666666666667,
      "f1": 0.9404687021625986,
      "auc_roc": 0.9939814814814815,
      "infer_ms": 124.74606235822041,
      "y_true": [
        3,
        1,
        2,
        3,
        3,
        3,
        3,
        3,
        2,
        2,
        2,
        3,
        2,
        0,
        2,
        2,
        2,
        0,
        1,
        0,
        0,
        0,
        2,
        0,
        2,
        2,
        1,
        3,
        2,
        1,
        1,
        2,
        0,
        3,
        3,
        2,
        2,
        3,
        3,
        1,
        1,
        3,
        2,
        1,
        2,
        2,
        2,
        3,
        2,
        0,
        0,
        3,
        2,
        1,
        1,
        1,
        0,
        1,
        0,
        1,
        1,
        3,
        3,
        1,
        0,
        0,
        2,
        1,
        0,
        0,
        0,
        3,
        3,
        1,
        3,
        1,
        0,
        0,
        2,
        3,
        1,
        3,
        0,
        0,
        0,
        2,
        2,
        1,
        2,
        2,
        1,
        3,
        0,
        3,
        0,
        0,
        1,
        0,
        3,
        1,
        3,
        0,
        1,
        0,
        3,
        2,
        2,
        2,
        1,
        1,
        1,
        0,
        3,
        3,
        1,
        0,
        1,
        1,
        0,
        3
      ],