{
  "accuracy_mean": 0.9916666666666668,
  "precision_mean": 0.9918817204301076,
  "recall_mean": 0.9916666666666668,
  "f1_mean": 0.9916648143002688,
  "auc_roc_mean": 0.9999444444444444,
  "infer_ms_mean": 0.07991393407185872,
  "accuracy_std": 0.005270462766947316,
  "precision_std": 0.005185873355607513,
  "recall_std": 0.00527046276694728,
  "f1_std": 0.00527119500957023,
  "auc_roc_std": 7.407407407402645e-05,
  "infer_ms_std": 0.011364608864123986,
  "fold_metrics": [
    {
      "accuracy": 0.9916666666666667,
      "precision": 0.9919354838709677,
      "recall": 0.9916666666666667,
      "f1": 0.9916643512086691,
      "auc_roc": 1.0,
      "infer_ms": 0.10179877281188965,
      "y_true": [
        3,
        1,
        2,
        3,
        2,
        3,
        3,
        0,
        3,
        1,
        3,
        1,
        1,
        2,
        1,
        0,
        1,
        1,
        0,
        0,
        3,
        3,
        0,
        1,
        3,
        2,
        0,
        3,
        3,
        3,
        3,
        2,
        1,
        0,
        3,
        0,
        0,
        0,
        3,
        1,
        1,
        2,
        0,
        3,
        2,
        1,
        3,
        3,
        0,
        2,
        2,
        0,
        1,
        0,
        2,
        0,
        0,
        2,
        1,
        1,
        2,
        2,
        1,
        1,
        3,
        2,
        1,
        2,
        0,
        3,
        1,
        1,
        2,
        0,
        2,
        3,
        1,
        0,
        3,
        0,
        2,
        1,
        2,
        3,
        3,
        1,
        0,
        1,
        3,
        2,
        3,
        2,
        2,
        1,
        0,
        2,
        2,
        0,
        1,
        0,
        0,
        0,
        3,
        2,
        0,
        1,
        2,
        0,
        0,
        2,
        3,
        2,
        2,
        0,
        1,
        2,
        1,
        3,
        1,
        3
      ],
      "y_pred": [
        3,
        1,
        2,
        3,
        2,
        3,
        3,
        0,
        3,
        1,
        3,
        1,
        1,
        2,
        1,
        0,
        1,
        1,
        0,
        0,
        3,
        3,
        0,
        1,
        3,
        2,
        0,
        3,
        3,
        3,
        3,
        2,
        1,
        0,
        3,
        0,
        0,
        0,
        3,
        1,
        1,
        2,
        0,
        3,
        2,
        1,
        3,
        3,
        0,
        2,
        2,
        0,
        1,
        0,
        2,
        0,
        0,
        2,
        1,
        1,
        2,
        2,
        1,
        1,
        3,
        2,
        1,
        2,
        0,
        3,
        1,
        1,
        2,
        0,
        2,
        3,
        1,
        0,
        3,
        0,
        2,
        1,
        2,
        3,
        3,
        1,
        0,
        1,
        3,
        2,
        3,
        2,
        2,
        1,
        0,
        2,
        2,
        0,
        1,
        0,
        0,
        0,
        3,
        2,
        0,
        1,
        2,
        0,
        0,
        2,
        3,
        2,
        2,
        0,
        1,
        2,
        1,
        0,
        1,
        3
      ]
    },
    {
      "accuracy": 0.9833333333333333,
      "precision": 0.9836021505376344,
      "recall": 0.9833333333333334,
      "f1": 0.9833310178753358,
      "auc_roc": 1.0,
      "infer_ms": 0.0744183858235677,
      "y_true": [
        2,
        0,
        3,
        1,
        2,
        2,
        1,
        2,
        3,
        0,
        3,
        3,
        0,
        2,
        2,
        1,
        0,
        1,
        3,
        3,
        1,
        1,
        3,
        2,
        0,
        3,
        0,
        3,
        0,
        1,
        1,
        1,
        0,
        0,
        1,
        1,
        1,
        0,
        0,
        0,
        2,
        3,
        3,
        1,
        1,
        1,
        0,
        3,
        3,
        3,
        2,
        0,
        2,
        2,
        3,
        0,
        0,
        2,
        2,
        3,
        1,
        2,
        3,
        1,
        2,
        1,
        3,
        0,
        3,
        0,
        1,
        1,
        2,
        1,
        2,
        2,
        1,
        1,
        2,
        1,
        0,
        1,
        2,
        1,
        3,
        0,
        2,
        1,
        0,
        2,
        3,
        3,
        3,
        0,
        0,
        2,
        2,
        2,
        0,
        0,
        3,
        2,
        0,
        3,
        3,
        3,
        3,
        3,
        0,
        1,
        3,
        2,
        0,
        1,
        0,
        2,
        2,
        0,
        1,
        2
      ],
      "y_pred": [
        2,
        0,
        3,
        1,
        2,
        2,
        1,
        2,
        3,
        0,
        3,
        0,
        0,
        2,
        2,
        1,
        0,
        1,
        3,
        3,
        1,
        1,
        3,
        2,
        0,
        3,
        0,
        3,
        0,
        1,
        1,
        1,
        0,
        0,
        1,
        1,
        1,
        0,
        0,
        0,
        2,
        3,
        3,
        1,
        1,
        1,
        0,
        3,
        3,
        3,
        2,
        0,
        2,
        2,
        3,
        0,
        0,
        2,
        2,
        3,
        1,
        2,
        3,
        1,
        2,
        1,
        3,
        0,
        3,
        0,
        1,
        1,
        2,
        1,
        2,
        2,
        1,
        1,
        2,
        1,
        0,
        1,
        2,
        1,
        3,
        2,
        2,
        1,
        0,
        2,
        3,
        3,
        3,
        0,
        0,
        2,
        2,
        2,
        0,
        0,
        3,
        2,
        0,
        3,
        3,
        3,
        3,
        3,
        0,
        1,
        3,
        2,
        0,
        1,
        0,
        2,
        2,
        0,
        1,
        2
      ]
    },
    {
      "accuracy": 0.9916666666666667,
      "precision": 0.9919354838709677,
      "recall": 0.9916666666666667,
      "f1": 0.9916643512086691,
      "auc_roc": 0.9998148148148149,
      "infer_ms": 0.07385810216267905,
      "y_true": [
        3,
        1,
        2,
        3,
        3,
        3,
        3,
        3,
        2,
        2,
        2,
        3,
        2,
        0,
        2,
        2,
        2,
        0,
        1,
        0,
        0,
        0,
        2,
        0,
        2,
        2,
        1,
        3,
        2,
        1,
        1,
        2,
        0,
        3,
        3,
        2,
        2,
        3,
        3,
        1,
        1,
        3,
        2,
        1,
        2,
        2,
        2,
        3,
        2,
        0,
        0,
        3,
        2,
        1,
        1,
        1,
        0,
        1,
        0,
        1,
        1,
        3,
        3,
        1,
        0,
        0,
        2,
        1,
        0,
        0,
        0,
        3,
        3,
        1,
        3,
        1,
        0,
        0,
        2,
        3,
        1,
        3,
        0,
        0,
        0,
        2,
        2,
        1,
        2,
        2,
        1,
        3,
        0,
        3,
        0,
        0,
        1,
        0,
        3,
        1,
        3,
        0,
        1,
        0,
        3,
        2,
        2,
        2,
        1,
        1,
        1,
        0,
        3,
        3,
        1,
        0,
        1,
        1,
        0,
        3
      ],