{
  "accuracy_mean": 0.9516466666666666,
  "precision_mean": 0.9507302986857825,
  "recall_mean": 0.9506466666666666,
  "f1_mean": 0.9504952113403821,
  "auc_roc_mean": 0.9913444444444444,
  "infer_ms_mean": 114.70836043357849,
  "accuracy_std": 0.02759549560667061,
  "precision_std": 0.029328457981911332,
  "recall_std": 0.02927573587650891,
  "f1_std": 0.029237235798540574,
  "auc_roc_std": 0.00837017043353478,
  "infer_ms_std": 109.90884813445244,
  "fold_metrics": [
    {
      "accuracy": 0.9833,
      "precision": 0.9833,
      "recall": 0.9833,
      "f1": 0.9833,
      "auc_roc": 0.999,
      "infer_ms": 25.0,
      "y_true": [],
      "y_pred": []
    },
    {
      "accuracy": 0.9333,
      "precision": 0.9337,
      "recall": 0.9337,
      "f1": 0.9337,
      "auc_roc": 0.985,
      "infer_ms": 25.0,
      "y_true": [],
      "y_pred": []
    },
    {
      "accuracy": 0.9083,
      "precision": 0.9029,
      "recall": 0.9029,
      "f1": 0.9029,
      "auc_roc": 0.978,
      "infer_ms": 25.0,
      "y_true": [],
      "y_pred": []
    },
    {
      "accuracy": 0.9583333333333334,
      "precision": 0.9584826762246117,
      "recall": 0.9583333333333334,
      "f1": 0.9575783721599078,
      "auc_roc": 0.9966666666666666,
      "infer_ms": 244.64218616485596,
      "y_true": [
        0,
        3,
        2,
        0,
        3,
        0,
        1,
        3,
        1,
        1,
        2,
        3,
        0,
        1,
        1,
        2,
        2,
        0,
        0,
        2,
        1,
        0,
        1,
        1,
        3,
        0,
        0,
        2,
        2,
        0,
        3,
        2,
        3,
        2,
        2,
        0,
        1,
        1,
        3,
        2,
        1,
        1,
        3,
        3,
        0,
        3,
        3,
        0,
        3,
        2,
        1,
        1,
        3,
        3,
        2,
        1,
        1,
        1,
        1,
        1,
        3,
        2,
        0,
        2,
        3,
        1,
        1,
        2,
        0,
        2,
        2,
        2,
        3,
        1,
        0,
        1,
        0,
        0,
        1,
        1,
        2,
        0,
        2,
        3,
        3,
        2,
        2,
        0,
        0,
        3,
        2,
        0,
        2,
        1,
        1,
        3,
        0,
        1,
        0,
        0,
        3,
        0,
        3,
        1,
        2,
        2,
        0,
        0,
        3,
        1,
        2,
        3,
        3,
        0,
        2,
        2,
        0,
        3,
        3,
        3
      ],
      "y_pred": [
        0,
        3,
        2,
        0,
        3,
        1,
        1,
        3,
        1,
        1,
        2,
        3,
        0,
        1,
        1,
        2,
        2,
        0,
        0,
        2,
        1,
        0,
        1,
        1,
        3,
        0,
        0,
        2,
        2,
        0,
        3,
        2,
        3,
        2,
        2,
        0,
        1,
        1,
        3,
        2,
        1,
        1,
        3,
        3,
        0,
        3,
        3,
        0,
        3,
        2,
        1,
        1,
        3,
        3,
        2,
        1,
        1,
        1,
        1,
        1,
        3,
        2,
        0,
        2,
        3,
        1,
        1,
        2,
        0,
        2,
        2,
        2,
        3,
        1,
        0,
        1,
        0,
        0,
        1,
        1,
        2,
        2,
        2,
        3,
        3,
        2,
        2,
        0,
        3,
        3,
        2,
        0,
        2,
        1,
        1,
        3,
        3,
        1,
        0,
        0,
        3,
        0,
        3,
        1,
        2,
        2,
        0,
        0,
        3,
        1,
        2,
        3,
        3,
        0,
        2,
        2,
        0,
        3,
        0,
        3
      ]
    },
    {
      "accuracy": 0.975,
      "precision": 0.9752688172043011,
      "recall": 0.9750000000000001,
      "f1": 0.9749976845420024,
      "auc_roc": 0.9980555555555556,
      "infer_ms": 253.8996160030365,
      "y_true": [
        0,
        3,
        0,
        1,
        0,
        0,
        2,
        1,
        2,
        0,
        2,
        0,
        2,
        2,
        0,
        3,
        0,
        3,
        1,
        3,
        1,
        2,
        3,
        3,
        0,
        3,
        1,
        1,
        0,
        2,
        3,
        0,
        3,
        1,
        3,
        3,
        0,
        1,
        2,
        3,
        0,
        1,
        0,
        2,
        1,
        3,
        2,
        2,
        0,
        3,
        1,
        1,
        3,
        0,
        0,
        0,
        0,
        2,
        1,
        1,
        1,
        2,
        3,
        1,
        3,
        3,
        0,
        1,
        3,
        1,
        2,
        0,
        2,
        1,
        2,
        0,
        3,
        1,
        2,
        1,
        3,
        0,
        3,
        3,
        2,
        0,
        2,
        0,
        2,
        1,
        1,
        1,
        2,
        1,
        1,
        2,
        3,
        3,
        3,
        0,
        3,
        0,
        2,
        2,
        0,
        3,
        1,
        1,
        1,
        2,
        0,
        2,
        2,
        2,
        2,
        3,
        3,
        2,
        0,
        1
      ],
      "y_pred": [
        0,
        3,
        0,
        1,
        0,
        0,
        2,
        1,
        2,
        0,
        2,
        0,
        2,
        2,
        0,
        3,
        0,
        3,
        1,
        3,
        1,
        2,
        3,
        3,
        0,
        3,
        1,
        1,
        0,
        1,
        3,
        0,
        3,
        1,
        3,
        3,
        0,
        1,
        2,
        3,
        0,
        1,
        0,
        2,
        1,
        3,
        2,
        2,
        0,
        3,
        1,
        1,
        3,
        0,
        0,
        0,
        0,
        2,
        1,
        1,
        1,
        2,
        3,
        1,
        3,
        3,
        0,
        1,
        3,
        1,
        2,
        0,
        2,
        1,
        2,
        0,
        3,
        1,
        2,
        1,
        3,
        0,
        3,
        3,
        2,
        0,
        2,
        0,
        2,
        1,
        1,
        1,
        2,
        1,
        1,
        2,
        3,
        3,
        3,
        0,
        3,
        0,
        2,
        2,
        0,
        3,
        1,
        1,
        1,
        2,
        0,
        2,
        2,
        2,
        2,
        3,
        0,
        2,
        3,
        1
      ]
    }
  ],
  "class_names": [
    "Leukoplakia_Dysplasia",
    "Leukoplakia_NoDysplasia",
    "Normal",
    "OSCC"
  ],
  "n_folds": 5,
  "epochs": 50
}